year,rank,country,happiness,gdp,social_support,healthy,freedom,generosity,corruption,dystopia
2018,1,Finland,7.632,1.305,1.592,0.874,0.681,0.202,0.393,2.585
2018,2,Norway,7.594,1.456,1.582,0.861,0.686,0.286,0.34,2.383000000000001
2018,3,Denmark,7.555,1.351,1.59,0.868,0.683,0.284,0.408,2.3709999999999996
2018,4,Iceland,7.495,1.343,1.644,0.914,0.677,0.353,0.138,2.426
2018,5,Switzerland,7.487,1.42,1.549,0.927,0.66,0.256,0.357,2.3179999999999996
2018,6,Netherlands,7.441,1.361,1.488,0.878,0.638,0.333,0.295,2.4479999999999995
2018,7,Canada,7.328,1.33,1.532,0.896,0.653,0.321,0.291,2.3050000000000006
2018,8,New Zealand,7.324,1.268,1.601,0.876,0.669,0.365,0.389,2.1559999999999997
2018,9,Sweden,7.314,1.355,1.501,0.913,0.659,0.285,0.383,2.218
2018,10,Australia,7.272,1.34,1.573,0.91,0.647,0.361,0.302,2.1390000000000002
2018,11,United Kingdom,7.19,1.244,1.433,0.888,0.464,0.262,0.082,2.817
2018,12,Austria,7.139,1.341,1.504,0.891,0.617,0.242,0.224,2.3200000000000003
2018,13,Costa Rica,7.072,1.01,1.459,0.817,0.632,0.143,0.101,2.9099999999999993
2018,14,Ireland,6.977,1.448,1.583,0.876,0.614,0.307,0.306,1.843
2018,15,Germany,6.965,1.34,1.474,0.861,0.586,0.273,0.28,2.151
2018,16,Belgium,6.927,1.324,1.483,0.894,0.583,0.188,0.24,2.214999999999999
2018,17,Luxembourg,6.91,1.576,1.52,0.896,0.632,0.196,0.321,1.769000000000001
2018,18,United States,6.886,1.398,1.471,0.819,0.547,0.291,0.133,2.2270000000000003
2018,19,Israel,6.814,1.301,1.559,0.883,0.533,0.354,0.272,1.912
2018,21,Czech Republic,6.711,1.233,1.489,0.854,0.543,0.064,0.034,2.4939999999999998
2018,22,Malta,6.627,1.27,1.525,0.884,0.645,0.376,0.142,1.7849999999999993
2018,23,France,6.489,1.293,1.466,0.908,0.52,0.098,0.176,2.0280000000000005
2018,24,Mexico,6.488,1.038,1.252,0.761,0.479,0.069,0.095,2.794
2018,25,Chile,6.476,1.131,1.331,0.808,0.431,0.197,0.061,2.5170000000000003
2018,26,Taiwan,6.441,1.365,1.436,0.857,0.418,0.151,0.078,2.1359999999999992
2018,27,Panama,6.43,1.112,1.438,0.759,0.597,0.125,0.063,2.3360000000000003
2018,28,Brazil,6.419,0.986,1.474,0.675,0.493,0.11,0.088,2.593
2018,29,Argentina,6.388,1.073,1.468,0.744,0.57,0.062,0.054,2.4170000000000003
2018,30,Guatemala,6.382,0.781,1.268,0.608,0.604,0.179,0.071,2.8709999999999996
2018,31,Uruguay,6.379,1.093,1.459,0.771,0.625,0.13,0.155,2.145999999999999
2018,32,Qatar,6.374,1.649,1.303,0.748,0.654,0.256,0.171,1.592999999999999
2018,33,Saudi Arabia,6.371,1.379,1.331,0.633,0.509,0.098,0.127,2.2940000000000005
2018,34,Singapore,6.343,1.529,1.451,1.008,0.631,0.261,0.457,1.0060000000000002
2018,35,Malaysia,6.322,1.161,1.258,0.669,0.356,0.311,0.059,2.508
2018,36,Spain,6.31,1.251,1.538,0.965,0.449,0.142,0.074,1.891
2018,37,Colombia,6.26,0.96,1.439,0.635,0.531,0.099,0.039,2.5569999999999995
2018,38,Trinidad & Tobago,6.192,1.223,1.492,0.564,0.575,0.171,0.019,2.1479999999999997
2018,39,Slovakia,6.173,1.21,1.537,0.776,0.354,0.118,0.014,2.1640000000000006
2018,40,El Salvador,6.167,0.806,1.231,0.639,0.461,0.065,0.082,2.883
2018,41,Nicaragua,6.141,0.668,1.319,0.7,0.527,0.208,0.128,2.5909999999999993
2018,42,Poland,6.123,1.176,1.448,0.781,0.546,0.108,0.064,2.000000000000001
2018,43,Bahrain,6.105,1.338,1.366,0.698,0.594,0.243,0.123,1.7430000000000003
2018,44,Uzbekistan,6.096,0.719,1.584,0.605,0.724,0.328,0.259,1.8770000000000007
2018,45,Kuwait,6.083,1.474,1.301,0.675,0.554,0.167,0.106,1.806
2018,46,Thailand,6.072,1.016,1.417,0.707,0.637,0.364,0.029,1.9020000000000001
2018,47,Italy,6.0,1.264,1.501,0.946,0.281,0.137,0.028,1.8430000000000009
2018,48,Ecuador,5.973,0.889,1.33,0.736,0.556,0.114,0.12,2.2279999999999998
2018,49,Belize,5.956,0.807,1.101,0.474,0.593,0.183,0.089,2.709000000000001
2018,50,Lithuania,5.952,1.197,1.527,0.716,0.35,0.026,0.006,2.13
2018,51,Slovenia,5.948,1.219,1.506,0.856,0.633,0.16,0.051,1.5229999999999997
2018,52,Romania,5.945,1.116,1.219,0.726,0.528,0.088,0.001,2.2670000000000003
2018,53,Latvia,5.933,1.148,1.454,0.671,0.363,0.092,0.066,2.1390000000000002
2018,54,Japan,5.915,1.294,1.462,0.988,0.553,0.079,0.15,1.3889999999999993
2018,55,Mauritius,5.891,1.09,1.387,0.684,0.584,0.245,0.05,1.850999999999999
2018,56,Jamaica,5.89,0.819,1.493,0.693,0.575,0.096,0.031,2.1829999999999994
2018,57,South Korea,5.875,1.266,1.204,0.955,0.244,0.175,0.051,1.9800000000000004
2018,58,Northern Cyprus,5.835,1.229,1.211,0.909,0.495,0.179,0.154,1.6579999999999995
2018,59,Russia,5.81,1.151,1.479,0.599,0.399,0.065,0.025,2.0919999999999996
2018,60,Kazakhstan,5.79,1.143,1.516,0.631,0.454,0.148,0.121,1.7770000000000001
2018,61,Cyprus,5.762,1.229,1.191,0.909,0.423,0.202,0.035,1.7729999999999997
2018,62,Bolivia,5.752,0.751,1.223,0.508,0.606,0.141,0.054,2.469
2018,63,Estonia,5.739,1.2,1.532,0.737,0.553,0.086,0.174,1.456999999999999
2018,64,Paraguay,5.681,0.835,1.522,0.615,0.541,0.162,0.074,1.932
2018,65,Peru,5.663,0.934,1.249,0.674,0.53,0.092,0.034,2.15
2018,66,Kosovo,5.662,0.855,1.23,0.578,0.448,0.274,0.023,2.254
2018,67,Moldova,5.64,0.657,1.301,0.62,0.232,0.171,0.0,2.659
2018,68,Turkmenistan,5.636,1.016,1.533,0.517,0.417,0.199,0.037,1.9170000000000007
2018,69,Hungary,5.62,1.171,1.401,0.732,0.259,0.061,0.022,1.9740000000000002
2018,70,Libya,5.566,0.985,1.35,0.553,0.496,0.116,0.148,1.9179999999999997
2018,71,Philippines,5.524,0.775,1.312,0.513,0.643,0.12,0.105,2.0559999999999996
2018,72,Honduras,5.504,0.62,1.205,0.622,0.459,0.197,0.074,2.3269999999999995
2018,73,Belarus,5.483,1.039,1.498,0.7,0.307,0.101,0.154,1.6839999999999997
2018,74,Turkey,5.483,1.148,1.38,0.686,0.324,0.106,0.109,1.7300000000000004
2018,75,Pakistan,5.472,0.652,0.81,0.424,0.334,0.216,0.113,2.923
2018,76,Hong Kong,5.43,1.405,1.29,1.03,0.524,0.246,0.291,0.6439999999999984
2018,77,Portugal,5.41,1.188,1.429,0.884,0.562,0.055,0.017,1.2750000000000004
2018,78,Serbia,5.398,0.975,1.369,0.685,0.288,0.134,0.043,1.904
2018,79,Greece,5.358,1.154,1.202,0.879,0.131,0.0,0.044,1.948
2018,80,Lebanon,5.358,0.965,1.179,0.785,0.503,0.214,0.136,1.5759999999999992
2018,81,Montenegro,5.347,1.017,1.279,0.729,0.259,0.111,0.081,1.8710000000000004
2018,82,Croatia,5.321,1.115,1.161,0.737,0.38,0.12,0.039,1.7689999999999997
2018,83,Dominican Republic,5.302,0.982,1.441,0.614,0.578,0.12,0.106,1.4609999999999999
2018,84,Algeria,5.295,0.979,1.154,0.687,0.077,0.055,0.135,2.2079999999999993
2018,85,Morocco,5.254,0.779,0.797,0.669,0.46,0.026,0.074,2.449
2018,86,China,5.246,0.989,1.142,0.799,0.597,0.029,0.103,1.5870000000000006
2018,87,Azerbaijan,5.201,1.024,1.161,0.603,0.43,0.031,0.176,1.775999999999999
2018,88,Tajikistan,5.199,0.474,1.166,0.598,0.292,0.187,0.034,2.4480000000000004
2018,89,Macedonia,5.185,0.959,1.239,0.691,0.394,0.173,0.052,1.6769999999999996
2018,90,Jordan,5.161,0.822,1.265,0.645,0.468,0.13,0.134,1.697
2018,91,Nigeria,5.155,0.689,1.172,0.048,0.462,0.201,0.032,2.551
2018,92,Kyrgyzstan,5.131,0.53,1.416,0.594,0.54,0.281,0.035,1.7349999999999999
2018,93,Bosnia and Herzegovina,5.129,0.915,1.078,0.758,0.28,0.216,0.0,1.8819999999999988
2018,94,Mongolia,5.125,0.914,1.517,0.575,0.395,0.253,0.032,1.4389999999999996
2018,95,Vietnam,5.103,0.715,1.365,0.702,0.618,0.177,0.079,1.4469999999999996
2018,96,Indonesia,5.093,0.899,1.215,0.522,0.538,0.484,0.018,1.4169999999999998
2018,97,Bhutan,5.082,0.796,1.335,0.527,0.541,0.364,0.171,1.3479999999999999
2018,98,Somalia,4.982,0.0,0.712,0.115,0.674,0.238,0.282,2.9610000000000003
2018,99,Cameroon,4.975,0.535,0.891,0.182,0.454,0.183,0.043,2.6869999999999994
2018,100,Bulgaria,4.933,1.054,1.515,0.712,0.359,0.064,0.009,1.2200000000000002
2018,101,Nepal,4.88,0.425,1.228,0.539,0.526,0.302,0.078,1.782
2018,102,Venezuela,4.806,0.996,1.469,0.657,0.133,0.056,0.052,1.443
2018,103,Gabon,4.758,1.036,1.164,0.404,0.356,0.032,0.052,1.714
2018,104,Palestinian Territories,4.743,0.642,1.217,0.602,0.266,0.086,0.076,1.8540000000000005
2018,105,South Africa,4.724,0.94,1.41,0.33,0.516,0.103,0.056,1.3690000000000002
2018,106,Iran,4.707,1.059,0.771,0.691,0.459,0.282,0.129,1.3159999999999998
2018,107,Ivory Coast,4.671,0.541,0.872,0.08,0.467,0.146,0.103,2.4619999999999997
2018,108,Ghana,4.657,0.592,0.896,0.337,0.499,0.212,0.029,2.092
2018,109,Senegal,4.631,0.429,1.117,0.433,0.406,0.138,0.082,2.0260000000000002
2018,110,Laos,4.623,0.72,1.034,0.441,0.626,0.23,0.174,1.3980000000000006
2018,111,Tunisia,4.592,0.9,0.906,0.69,0.271,0.04,0.063,1.7219999999999995
2018,112,Albania,4.586,0.916,0.817,0.79,0.419,0.149,0.032,1.463
2018,113,Sierra Leone,4.571,0.256,0.813,0.0,0.355,0.238,0.053,2.856
2018,114,Congo (Brazzaville),4.559,0.682,0.811,0.343,0.514,0.091,0.077,2.041
2018,115,Bangladesh,4.5,0.532,0.85,0.579,0.58,0.153,0.144,1.662
2018,116,Sri Lanka,4.471,0.918,1.314,0.672,0.585,0.307,0.05,0.625
2018,117,Iraq,4.456,1.01,0.971,0.536,0.304,0.148,0.095,1.3920000000000003
2018,118,Mali,4.447,0.37,1.233,0.152,0.367,0.139,0.056,2.13
2018,119,Namibia,4.441,0.874,1.281,0.365,0.519,0.051,0.064,1.287
2018,120,Cambodia,4.433,0.549,1.088,0.457,0.696,0.256,0.065,1.3219999999999996
2018,121,Burkina Faso,4.424,0.314,1.097,0.254,0.312,0.175,0.128,2.144
2018,122,Egypt,4.419,0.885,1.025,0.553,0.312,0.092,0.107,1.4449999999999994
2018,123,Mozambique,4.417,0.198,0.902,0.173,0.531,0.206,0.158,2.2489999999999997
2018,124,Kenya,4.41,0.493,1.048,0.454,0.504,0.352,0.055,1.5040000000000004
2018,125,Zambia,4.377,0.562,1.047,0.295,0.503,0.221,0.082,1.6669999999999998
2018,126,Mauritania,4.356,0.557,1.245,0.292,0.129,0.134,0.093,1.9060000000000001
2018,127,Ethiopia,4.35,0.308,0.95,0.391,0.452,0.22,0.146,1.8829999999999996
2018,128,Georgia,4.34,0.853,0.592,0.643,0.375,0.038,0.215,1.624
2018,129,Armenia,4.321,0.816,0.99,0.666,0.26,0.077,0.028,1.4839999999999995
2018,130,Myanmar,4.308,0.682,1.174,0.429,0.58,0.598,0.178,0.6670000000000003
2018,131,Chad,4.301,0.358,0.907,0.053,0.189,0.181,0.06,2.553
2018,132,Congo (Kinshasa),4.245,0.069,1.136,0.204,0.312,0.197,0.052,2.2750000000000004
2018,133,India,4.19,0.721,0.747,0.485,0.539,0.172,0.093,1.4330000000000003
2018,134,Niger,4.166,0.131,0.867,0.221,0.39,0.175,0.099,2.2830000000000004
2018,135,Uganda,4.161,0.322,1.09,0.237,0.45,0.259,0.061,1.7419999999999995
2018,136,Benin,4.141,0.378,0.372,0.24,0.44,0.163,0.067,2.481
2018,137,Sudan,4.139,0.605,1.24,0.312,0.016,0.134,0.082,1.7500000000000004
2018,138,Ukraine,4.103,0.793,1.413,0.609,0.163,0.187,0.011,0.927
2018,139,Togo,3.999,0.259,0.474,0.253,0.434,0.158,0.101,2.3200000000000003
2018,140,Guinea,3.964,0.344,0.792,0.211,0.394,0.185,0.094,1.944
2018,141,Lesotho,3.808,0.472,1.215,0.079,0.423,0.116,0.112,1.3909999999999996
2018,142,Angola,3.795,0.73,1.125,0.269,0.0,0.079,0.061,1.5309999999999997
2018,143,Madagascar,3.774,0.262,0.908,0.402,0.221,0.155,0.049,1.777
2018,144,Zimbabwe,3.692,0.357,1.094,0.248,0.406,0.132,0.099,1.3559999999999999
2018,145,Afghanistan,3.632,0.332,0.537,0.255,0.085,0.191,0.036,2.1959999999999997
2018,146,Botswana,3.59,1.017,1.174,0.417,0.557,0.042,0.092,0.29100000000000037
2018,147,Malawi,3.587,0.186,0.541,0.306,0.531,0.21,0.08,1.733
2018,148,Haiti,3.582,0.315,0.714,0.289,0.025,0.392,0.104,1.7429999999999999
2018,149,Liberia,3.495,0.076,0.858,0.267,0.419,0.206,0.03,1.639
2018,150,Syria,3.462,0.689,0.382,0.539,0.088,0.376,0.144,1.2440000000000002
2018,151,Rwanda,3.408,0.332,0.896,0.4,0.636,0.2,0.444,0.49999999999999956
2018,152,Yemen,3.355,0.442,1.073,0.343,0.244,0.083,0.064,1.1059999999999999
2018,153,Tanzania,3.303,0.455,0.991,0.381,0.481,0.27,0.097,0.6280000000000001
2018,154,South Sudan,3.254,0.337,0.608,0.177,0.112,0.224,0.106,1.6899999999999997
2018,155,Central African Republic,3.083,0.024,0.0,0.01,0.305,0.218,0.038,2.4880000000000004
2018,156,Burundi,2.905,0.091,0.627,0.145,0.065,0.149,0.076,1.7519999999999998
2019,1,Finland,7.769,1.34,1.587,0.986,0.596,0.153,0.393,2.7140000000000004
2019,2,Denmark,7.6,1.383,1.573,0.996,0.592,0.252,0.41,2.394
2019,3,Norway,7.554,1.488,1.582,1.028,0.603,0.271,0.341,2.2409999999999997
2019,4,Iceland,7.494,1.38,1.624,1.026,0.591,0.354,0.118,2.400999999999999
2019,5,Netherlands,7.488,1.396,1.522,0.999,0.557,0.322,0.298,2.394
2019,6,Switzerland,7.48,1.452,1.526,1.052,0.572,0.263,0.343,2.272000000000001
2019,7,Sweden,7.343,1.387,1.487,1.009,0.574,0.267,0.373,2.2459999999999996
2019,8,New Zealand,7.307,1.303,1.557,1.026,0.585,0.33,0.38,2.1260000000000003
2019,9,Canada,7.278,1.365,1.505,1.039,0.584,0.285,0.308,2.192
2019,10,Austria,7.246,1.376,1.475,1.016,0.532,0.244,0.226,2.3770000000000007
2019,11,Australia,7.228,1.372,1.548,1.036,0.557,0.332,0.29,2.093
2019,12,Costa Rica,7.167,1.034,1.441,0.963,0.558,0.144,0.093,2.9339999999999993
2019,13,Israel,7.139,1.276,1.455,1.029,0.371,0.261,0.082,2.665
2019,14,Luxembourg,7.09,1.609,1.479,1.012,0.526,0.194,0.316,1.9540000000000006
2019,15,United Kingdom,7.054,1.333,1.538,0.996,0.45,0.348,0.278,2.1110000000000007
2019,16,Ireland,7.021,1.499,1.553,0.999,0.516,0.298,0.31,1.846
2019,17,Germany,6.985,1.373,1.454,0.987,0.495,0.261,0.265,2.1500000000000004
2019,18,Belgium,6.923,1.356,1.504,0.986,0.473,0.16,0.21,2.234
2019,19,United States,6.892,1.433,1.457,0.874,0.454,0.28,0.128,2.266
2019,20,Czech Republic,6.852,1.269,1.487,0.92,0.457,0.046,0.036,2.6370000000000005
2019,21,United Arab Emirates,6.825,1.503,1.31,0.825,0.598,0.262,0.182,2.1450000000000005
2019,22,Malta,6.726,1.3,1.52,0.999,0.564,0.375,0.151,1.8170000000000002
2019,23,Mexico,6.595,1.07,1.323,0.861,0.433,0.074,0.073,2.7610000000000006
2019,24,France,6.592,1.324,1.472,1.045,0.436,0.111,0.183,2.021
2019,25,Taiwan,6.446,1.368,1.43,0.914,0.351,0.242,0.097,2.0439999999999987
2019,26,Chile,6.444,1.159,1.369,0.92,0.357,0.187,0.056,2.396000000000001
2019,27,Guatemala,6.436,0.8,1.269,0.746,0.535,0.175,0.078,2.833
2019,28,Saudi Arabia,6.375,1.403,1.357,0.795,0.439,0.08,0.132,2.1690000000000005
2019,29,Qatar,6.374,1.684,1.313,0.871,0.555,0.22,0.167,1.564
2019,30,Spain,6.354,1.286,1.484,1.062,0.362,0.153,0.079,1.9280000000000008
2019,31,Panama,6.321,1.149,1.442,0.91,0.516,0.109,0.054,2.140999999999999
2019,32,Brazil,6.3,1.004,1.439,0.802,0.39,0.099,0.086,2.4799999999999995
2019,33,Uruguay,6.293,1.124,1.465,0.891,0.523,0.127,0.15,2.013
2019,34,Singapore,6.262,1.572,1.463,1.141,0.556,0.271,0.453,0.8059999999999992
2019,35,El Salvador,6.253,0.794,1.242,0.789,0.43,0.093,0.074,2.831
2019,36,Italy,6.223,1.294,1.488,1.039,0.231,0.158,0.03,1.9829999999999997
2019,37,Bahrain,6.199,1.362,1.368,0.871,0.536,0.255,0.11,1.6969999999999992
2019,38,Slovakia,6.198,1.246,1.504,0.881,0.334,0.121,0.014,2.098
2019,39,Trinidad & Tobago,6.192,1.231,1.477,0.713,0.489,0.185,0.016,2.0810000000000004
2019,40,Poland,6.182,1.206,1.438,0.884,0.483,0.117,0.05,2.0040000000000004
2019,41,Uzbekistan,6.174,0.745,1.529,0.756,0.631,0.322,0.24,1.9509999999999996
2019,42,Lithuania,6.149,1.238,1.515,0.818,0.291,0.043,0.042,2.202
2019,43,Colombia,6.125,0.985,1.41,0.841,0.47,0.099,0.034,2.2860000000000005
2019,44,Slovenia,6.118,1.258,1.523,0.953,0.564,0.144,0.057,1.6190000000000007
2019,45,Nicaragua,6.105,0.694,1.325,0.835,0.435,0.2,0.127,2.489
2019,46,Kosovo,6.1,0.882,1.232,0.758,0.489,0.262,0.006,2.471
2019,47,Argentina,6.086,1.092,1.432,0.881,0.471,0.066,0.05,2.0940000000000003
2019,48,Romania,6.07,1.162,1.232,0.825,0.462,0.083,0.005,2.3009999999999997
2019,49,Cyprus,6.046,1.263,1.223,1.042,0.406,0.19,0.041,1.8810000000000002
2019,50,Ecuador,6.028,0.912,1.312,0.868,0.498,0.126,0.087,2.2249999999999996
2019,51,Kuwait,6.021,1.5,1.319,0.808,0.493,0.142,0.097,1.661999999999999
2019,52,Thailand,6.008,1.05,1.409,0.828,0.557,0.359,0.028,1.777000000000001
2019,53,Latvia,5.94,1.187,1.465,0.812,0.264,0.075,0.064,2.0729999999999995
2019,54,South Korea,5.895,1.301,1.219,1.036,0.159,0.175,0.056,1.9489999999999998
2019,55,Estonia,5.893,1.237,1.528,0.874,0.495,0.103,0.161,1.495
2019,56,Jamaica,5.89,0.831,1.478,0.831,0.49,0.107,0.028,2.1249999999999996
2019,57,Mauritius,5.888,1.12,1.402,0.798,0.498,0.215,0.06,1.795
2019,58,Japan,5.886,1.327,1.419,1.088,0.445,0.069,0.14,1.3980000000000006
2019,59,Honduras,5.86,0.642,1.236,0.828,0.507,0.246,0.078,2.3230000000000004
2019,60,Kazakhstan,5.809,1.173,1.508,0.729,0.41,0.146,0.096,1.7469999999999999
2019,61,Bolivia,5.779,0.776,1.209,0.706,0.511,0.137,0.064,2.376
2019,62,Hungary,5.758,1.201,1.41,0.828,0.199,0.081,0.02,2.0190000000000006
2019,63,Paraguay,5.743,0.855,1.475,0.777,0.514,0.184,0.08,1.8579999999999997
2019,64,Northern Cyprus,5.718,1.263,1.252,1.042,0.417,0.191,0.162,1.391000000000001
2019,65,Peru,5.697,0.96,1.274,0.854,0.455,0.083,0.027,2.0439999999999996
2019,66,Portugal,5.693,1.221,1.431,0.999,0.508,0.047,0.025,1.4619999999999989
2019,67,Pakistan,5.653,0.677,0.886,0.535,0.313,0.22,0.098,2.923999999999999
2019,68,Russia,5.648,1.183,1.452,0.726,0.334,0.082,0.031,1.8399999999999999
2019,69,Philippines,5.631,0.807,1.293,0.657,0.558,0.117,0.107,2.0919999999999996
2019,70,Serbia,5.603,1.004,1.383,0.854,0.282,0.137,0.039,1.9039999999999995
2019,71,Moldova,5.529,0.685,1.328,0.739,0.245,0.181,0.0,2.351
2019,72,Libya,5.525,1.044,1.303,0.673,0.416,0.133,0.152,1.8040000000000003
2019,73,Montenegro,5.523,1.051,1.361,0.871,0.197,0.142,0.08,1.8209999999999997
2019,74,Tajikistan,5.467,0.493,1.098,0.718,0.389,0.23,0.144,2.394999999999999
2019,75,Croatia,5.432,1.155,1.266,0.914,0.296,0.119,0.022,1.6600000000000006
2019,76,Hong Kong,5.43,1.438,1.277,1.122,0.44,0.258,0.287,0.6079999999999997
2019,77,Dominican Republic,5.425,1.015,1.401,0.779,0.497,0.113,0.101,1.5190000000000001
2019,78,Bosnia and Herzegovina,5.386,0.945,1.212,0.845,0.212,0.263,0.006,1.9030000000000005
2019,79,Turkey,5.373,1.183,1.36,0.808,0.195,0.083,0.106,1.6380000000000003
2019,80,Malaysia,5.339,1.221,1.171,0.828,0.508,0.26,0.024,1.327
2019,81,Belarus,5.323,1.067,1.465,0.789,0.235,0.094,0.142,1.5310000000000006
2019,82,Greece,5.287,1.181,1.156,0.999,0.067,0.0,0.034,1.85
2019,83,Mongolia,5.285,0.948,1.531,0.667,0.317,0.235,0.038,1.5490000000000004
2019,84,North Macedonia,5.274,0.983,1.294,0.838,0.345,0.185,0.034,1.5950000000000002
2019,85,Nigeria,5.265,0.696,1.111,0.245,0.426,0.215,0.041,2.5309999999999997
2019,86,Kyrgyzstan,5.261,0.551,1.438,0.723,0.508,0.3,0.023,1.7180000000000004
2019,87,Turkmenistan,5.247,1.052,1.538,0.657,0.394,0.244,0.028,1.334
2019,88,Algeria,5.211,1.002,1.16,0.785,0.086,0.073,0.114,1.9910000000000005
2019,89,Morocco,5.208,0.801,0.782,0.782,0.418,0.036,0.076,2.3129999999999997
2019,90,Azerbaijan,5.208,1.043,1.147,0.769,0.351,0.035,0.182,1.681
2019,91,Lebanon,5.197,0.987,1.224,0.815,0.216,0.166,0.027,1.762
2019,92,Indonesia,5.192,0.931,1.203,0.66,0.491,0.498,0.028,1.3809999999999998
2019,93,China,5.191,1.029,1.125,0.893,0.521,0.058,0.1,1.4650000000000003
2019,94,Vietnam,5.175,0.741,1.346,0.851,0.543,0.147,0.073,1.4739999999999998
2019,95,Bhutan,5.082,0.813,1.321,0.604,0.457,0.37,0.167,1.35
2019,96,Cameroon,5.044,0.549,0.91,0.331,0.381,0.187,0.037,2.6489999999999996
2019,97,Bulgaria,5.011,1.092,1.513,0.815,0.311,0.081,0.004,1.1950000000000003
2019,98,Ghana,4.996,0.611,0.868,0.486,0.381,0.245,0.04,2.365
2019,99,Ivory Coast,4.944,0.569,0.808,0.232,0.352,0.154,0.09,2.7390000000000003
2019,100,Nepal,4.913,0.446,1.226,0.677,0.439,0.285,0.089,1.751
2019,101,Jordan,4.906,0.837,1.225,0.815,0.383,0.11,0.13,1.4059999999999997
2019,102,Benin,4.883,0.393,0.437,0.397,0.349,0.175,0.082,3.05
2019,103,Congo (Brazzaville),4.812,0.673,0.799,0.508,0.372,0.105,0.093,2.2620000000000005
2019,104,Gabon,4.799,1.057,1.183,0.571,0.295,0.043,0.055,1.5950000000000002
2019,105,Laos,4.796,0.764,1.03,0.551,0.547,0.266,0.164,1.4739999999999998
2019,106,South Africa,4.722,0.96,1.351,0.469,0.389,0.13,0.055,1.3680000000000008
2019,107,Albania,4.719,0.947,0.848,0.874,0.383,0.178,0.027,1.4620000000000002
2019,108,Venezuela,4.707,0.96,1.427,0.805,0.154,0.064,0.047,1.2499999999999996
2019,109,Cambodia,4.7,0.574,1.122,0.637,0.609,0.232,0.062,1.464
2019,110,Palestinian Territories,4.696,0.657,1.247,0.672,0.225,0.103,0.066,1.7259999999999995
2019,111,Senegal,4.681,0.45,1.134,0.571,0.292,0.153,0.072,2.0090000000000003
2019,112,Somalia,4.668,0.0,0.698,0.268,0.559,0.243,0.27,2.6300000000000003
2019,113,Namibia,4.639,0.879,1.313,0.477,0.401,0.07,0.056,1.443
2019,114,Niger,4.628,0.138,0.774,0.366,0.318,0.188,0.102,2.742
2019,115,Burkina Faso,4.587,0.331,1.056,0.38,0.255,0.177,0.113,2.275
2019,116,Armenia,4.559,0.85,1.055,0.815,0.283,0.095,0.064,1.3970000000000002
2019,117,Iran,4.548,1.1,0.842,0.785,0.305,0.27,0.125,1.1209999999999996
2019,118,Guinea,4.534,0.38,0.829,0.375,0.332,0.207,0.086,2.3249999999999997
2019,119,Georgia,4.519,0.886,0.666,0.752,0.346,0.043,0.164,1.6619999999999995
2019,120,Gambia,4.516,0.308,0.939,0.428,0.382,0.269,0.167,2.023
2019,121,Kenya,4.509,0.512,0.983,0.581,0.431,0.372,0.053,1.5770000000000004
2019,122,Mauritania,4.49,0.57,1.167,0.489,0.066,0.106,0.088,2.0040000000000004
2019,123,Mozambique,4.466,0.204,0.986,0.39,0.494,0.197,0.138,2.0570000000000004
2019,124,Tunisia,4.461,0.921,1.0,0.815,0.167,0.059,0.055,1.4440000000000004
2019,125,Bangladesh,4.456,0.562,0.928,0.723,0.527,0.166,0.143,1.4070000000000005
2019,126,Iraq,4.437,1.043,0.98,0.574,0.241,0.148,0.089,1.3620000000000005
2019,127,Congo (Kinshasa),4.418,0.094,1.125,0.357,0.269,0.212,0.053,2.308
2019,128,Mali,4.39,0.385,1.105,0.308,0.327,0.153,0.052,2.0599999999999996
2019,129,Sierra Leone,4.374,0.268,0.841,0.242,0.309,0.252,0.045,2.417
2019,130,Sri Lanka,4.366,0.949,1.265,0.831,0.47,0.244,0.047,0.56
2019,131,Myanmar,4.36,0.71,1.181,0.555,0.525,0.566,0.172,0.6510000000000002
2019,132,Chad,4.35,0.35,0.766,0.192,0.174,0.198,0.078,2.5919999999999996
2019,133,Ukraine,4.332,0.82,1.39,0.739,0.178,0.187,0.01,1.0080000000000005
2019,134,Ethiopia,4.286,0.336,1.033,0.532,0.344,0.209,0.1,1.7319999999999993
2019,135,Swaziland,4.212,0.811,1.149,0.0,0.313,0.074,0.135,1.7299999999999995
2019,136,Uganda,4.189,0.332,1.069,0.443,0.356,0.252,0.06,1.677
2019,137,Egypt,4.166,0.913,1.039,0.644,0.241,0.076,0.067,1.186
2019,138,Zambia,4.107,0.578,1.058,0.426,0.431,0.247,0.087,1.2799999999999998
2019,139,Togo,4.085,0.275,0.572,0.41,0.293,0.177,0.085,2.273
2019,140,India,4.015,0.755,0.765,0.588,0.498,0.2,0.085,1.1239999999999997
2019,141,Liberia,3.975,0.073,0.922,0.443,0.37,0.233,0.033,1.9010000000000002
2019,142,Comoros,3.973,0.274,0.757,0.505,0.142,0.275,0.078,1.9420000000000002
2019,143,Madagascar,3.933,0.274,0.916,0.555,0.148,0.169,0.041,1.83
2019,144,Lesotho,3.802,0.489,1.169,0.168,0.359,0.107,0.093,1.4170000000000003
2019,145,Burundi,3.775,0.046,0.447,0.38,0.22,0.176,0.18,2.326
2019,146,Zimbabwe,3.663,0.366,1.114,0.433,0.361,0.151,0.089,1.149
2019,147,Haiti,3.597,0.323,0.688,0.449,0.026,0.419,0.11,1.5819999999999999
2019,148,Botswana,3.488,1.041,1.145,0.538,0.455,0.025,0.1,0.18399999999999972
2019,149,Syria,3.462,0.619,0.378,0.44,0.013,0.331,0.141,1.5400000000000003
2019,150,Malawi,3.41,0.191,0.56,0.495,0.443,0.218,0.089,1.4140000000000001
2019,151,Yemen,3.38,0.287,1.163,0.463,0.143,0.108,0.077,1.1389999999999998
2019,152,Rwanda,3.334,0.359,0.711,0.614,0.555,0.217,0.411,0.4670000000000001
2019,153,Tanzania,3.231,0.476,0.885,0.499,0.417,0.276,0.147,0.5310000000000001
2019,154,Afghanistan,3.203,0.35,0.517,0.361,0.0,0.158,0.025,1.792
2019,155,Central African Republic,3.083,0.026,0.0,0.105,0.225,0.235,0.035,2.4570000000000003
2019,156,South Sudan,2.853,0.306,0.575,0.295,0.01,0.202,0.091,1.3740000000000003
2020,1,Finland,7.808700085,1.285189509,1.499525905,0.961271405,0.66231674,0.159670442,0.477857262,2.762835026
2020,2,Denmark,7.645599842,1.326948524,1.503449202,0.979332566,0.665039897,0.242793396,0.495260328,2.432740688
2020,3,Switzerland,7.559899807,1.39077425,1.472403407,1.040533185,0.62895447,0.269055754,0.407945901,2.35026741
2020,4,Iceland,7.504499912,1.326501608,1.547567487,1.000843406,0.661980748,0.362330228,0.144540772,2.460688114
2020,5,Norway,7.487999916,1.42420733,1.495172501,1.008071899,0.670200884,0.287985086,0.434100568,2.168266296
2020,6,Netherlands,7.448900223,1.338946342,1.463645935,0.975675344,0.61362648,0.336317569,0.368569762,2.352117062
2020,7,Sweden,7.353499889,1.322235227,1.433347702,0.986470461,0.650297701,0.272827893,0.442066371,2.246299267
2020,8,New Zealand,7.299600124,1.242317915,1.48721838,1.008138299,0.646789908,0.325726211,0.461268276,2.128108025
2020,9,Austria,7.294199944,1.317285538,1.437444925,1.000933528,0.603368878,0.255509764,0.281256139,2.398446083
2020,10,Luxembourg,7.237500191,1.536676049,1.387528419,0.986442685,0.610137045,0.19595392,0.367041469,2.153700352
2020,11,Canada,7.23210001,1.301647663,1.435391903,1.022501945,0.644028127,0.28152892,0.351701856,2.195269108
2020,12,Australia,7.222799778,1.310396433,1.477146268,1.022607684,0.621877193,0.324973613,0.335996419,2.129804134
2020,13,United Kingdom,7.164500237,1.273061037,1.457844973,0.97570008,0.525168657,0.373433441,0.322601646,2.236721992
2020,14,Israel,7.128600121,1.216463685,1.403256774,1.008052945,0.420699477,0.266861796,0.09989845,2.713358402
2020,15,Costa Rica,7.121399879,0.981107712,1.374853611,0.939635336,0.645017743,0.131266311,0.096362092,2.953135014
2020,16,Ireland,7.093699932,1.446886778,1.470596433,0.975670695,0.587779939,0.295426995,0.373433262,1.943878174
2020,17,Germany,7.075799942,1.314184546,1.368543744,0.972114801,0.564274132,0.252037704,0.309362292,2.295249462
2020,18,United States,6.939599991,1.37398684,1.404786706,0.831618011,0.534608245,0.298143059,0.152284741,2.344124794
2020,19,Czech Republic,6.910900116,1.212322354,1.40528667,0.89456445,0.505744576,0.046325929,0.049803223,2.796808243
2020,20,Belgium,6.863500118,1.295842767,1.398677588,0.964901149,0.499805421,0.146966159,0.208724052,2.348626614
2020,21,United Arab Emirates,6.790800095,1.431086421,1.251170993,0.787814438,0.652936101,0.28065598,0.220213518,2.166965961
2020,22,Malta,6.772799969,1.252513289,1.442956924,0.972042024,0.633239031,0.341180831,0.178864077,1.952012062
2020,23,France,6.663799763,1.268129349,1.458839178,1.029714227,0.514050901,0.112607703,0.227303237,2.053198338
2020,24,Mexico,6.465000153,1.024387479,1.226333499,0.831601024,0.553892553,0.083094485,0.083133668,2.662540197
2020,25,Taiwan Province of China,6.45539999,1.327470541,1.357760668,0.878437996,0.449404389,0.150598705,0.131516352,2.160238743
2020,26,Uruguay,6.440100193,1.071000457,1.425081134,0.856928885,0.59426707,0.132143691,0.193425074,2.167276382
2020,27,Saudi Arabia,6.406499863,1.334328532,1.309950113,0.759818137,0.548477471,0.087440684,0.163322315,2.203118801
2020,28,Spain,6.400899887,1.230535269,1.421099186,1.051343083,0.425983816,0.16530548,0.109579779,1.997088432
2020,29,Guatemala,6.398900032,0.753815711,1.174267054,0.705952585,0.613146722,0.170611665,0.0983603,2.882723093
2020,30,Italy,6.38740015,1.236396074,1.347296,1.022504926,0.321305573,0.170266211,0.040145598,2.249505997
2020,31,Singapore,6.377099991,1.519580126,1.39545691,1.137814283,0.635317206,0.218770906,0.533162236,0.937031746
2020,32,Brazil,6.375599861,0.952679873,1.363464117,0.766119063,0.483292729,0.131674588,0.106518604,2.571860313
2020,33,Slovenia,6.363399982,1.208652496,1.464677691,0.932548046,0.646700144,0.145701498,0.076516323,1.888586521
2020,34,El Salvador,6.34829998,0.748940408,1.149397612,0.752730012,0.524043918,0.1189363,0.117030352,2.937191725
2020,35,Kosovo,6.325200081,0.840481341,1.183962822,0.672709167,0.557280421,0.325286865,0.008559024,2.736902714
2020,36,Panama,6.304800034,1.097667813,1.376149297,0.878546536,0.57984978,0.097207308,0.054230526,2.221176147
2020,37,Slovakia,6.280600071,1.194837689,1.424331188,0.853465259,0.423542529,0.116729774,0.011291441,2.256422043
2020,38,Uzbekistan,6.257599831,0.696652949,1.434020042,0.716703713,0.693270326,0.363311023,0.280260265,2.073346615
2020,39,Chile,6.228499889,1.096992493,1.323286891,0.889260828,0.417482227,0.155579001,0.06284935,2.283012867
2020,40,Bahrain,6.227300167,1.296692252,1.31532371,0.838836372,0.610399902,0.287453711,0.126697257,1.751917362
2020,41,Lithuania,6.215499878,1.193559647,1.432865739,0.795421183,0.42046079,0.053691041,0.081350274,2.238146067
2020,42,Trinidad and Tobago,6.191899776,1.167641521,1.407326221,0.658828557,0.55293113,0.199358255,0.015078396,2.190695763
2020,43,Poland,6.186299801,1.16922915,1.310399771,0.868038476,0.557903528,0.063374244,0.160541251,2.056797981
2020,44,Colombia,6.163400173,0.93220371,1.33445096,0.810020149,0.526890039,0.092374094,0.04584837,2.421656609
2020,45,Cyprus,6.15899992,1.21279943,1.149170756,1.026124597,0.459385872,0.227932334,0.051207144,2.032334805
2020,46,Nicaragua,6.13710022,0.620033145,1.27081275,0.803093255,0.560117304,0.212871477,0.174084574,2.496081114
2020,47,Romania,6.123700142,1.120401621,1.1944381,0.79229486,0.534852326,0.068181619,0.000829569,2.412749767
2020,48,Kuwait,6.102099895,1.424833655,1.244779825,0.776468933,0.570261419,0.132751092,0.112814933,1.840167999
2020,49,Mauritius,6.101299763,1.07366395,1.395666838,0.763389409,0.590838134,0.186894551,0.084088229,2.006720543
2020,50,Kazakhstan,6.057899952,1.122594237,1.453267694,0.698788941,0.497432142,0.153713793,0.110463686,2.021602631
2020,51,Estonia,6.021800041,1.192441225,1.453232527,0.842615008,0.576664805,0.125136748,0.201766819,1.629928112
2020,52,Philippines,6.006000042,0.775120676,1.245381713,0.602189481,0.621915162,0.129260212,0.130385727,2.501741886
2020,53,Hungary,6.000400066,1.164307117,1.423009396,0.806793869,0.386401802,0.070491239,0.027548173,2.121845722
2020,54,Thailand,5.998799801,1.007029295,1.347519517,0.793855846,0.609449804,0.376709014,0.031837862,1.832384109
2020,55,Argentina,5.974699974,1.028465629,1.372543693,0.849773705,0.520840347,0.070100471,0.060415059,2.072540998
2020,56,Honduras,5.953199863,0.598763585,1.186664104,0.791989982,0.568148077,0.256528199,0.086807102,2.464295387
2020,57,Latvia,5.949999809,1.14139545,1.414398789,0.777902424,0.329198807,0.075407945,0.090391524,2.121283054
2020,58,Ecuador,5.925199986,0.853383601,1.221027613,0.838837743,0.555234551,0.115006477,0.086753383,2.254933834
2020,59,Portugal,5.910900116,1.168800831,1.339530349,0.979315281,0.589895189,0.053036947,0.027733466,1.752558708
2020,60,Jamaica,5.889800072,0.779058397,1.408289194,0.788434088,0.553124607,0.116268493,0.030147785,2.214436531
2020,61,South Korea,5.872399807,1.245300651,1.133560538,1.022542596,0.25935635,0.170303866,0.094596282,1.946757078
2020,62,Japan,5.870800018,1.26672411,1.332338691,1.072881341,0.495465875,0.03571178,0.181439638,1.486200333
2020,63,Peru,5.796800137,0.91854918,1.208405972,0.824444175,0.513210058,0.091611817,0.02703266,2.213499546
2020,64,Serbia,5.77820015,0.988181829,1.327448964,0.828403294,0.395428419,0.15028289,0.059447147,2.029040098
2020,65,Bolivia,5.747499943,0.730976343,1.142350554,0.662445664,0.5744645,0.138375074,0.072942637,2.425928593
2020,66,Pakistan,5.69329977,0.616799474,0.872979581,0.469933242,0.405421734,0.228705063,0.122592121,2.976876736
2020,67,Paraguay,5.692100048,0.897990823,1.36819756,0.735869646,0.586510062,0.204299241,0.065077379,1.83412528
2020,68,Dominican Republic,5.689199924,0.983191848,1.328888893,0.741901696,0.5628739,0.112196781,0.115945682,1.844246864
2020,69,Bosnia and Herzegovina,5.674099922,0.91839546,1.203986526,0.813928187,0.305365741,0.264005244,0.001172487,2.16724205
2020,70,Moldova,5.607500076,0.707916796,1.237312198,0.713299453,0.389571488,0.174049184,0.014378744,2.370968342
2020,71,Tajikistan,5.555699825,0.474874616,1.218377709,0.680594802,0.521141171,0.182417125,0.221779913,2.25650835
2020,72,Montenegro,5.54610014,1.010150075,1.265657902,0.839028895,0.303223848,0.14901033,0.098435111,1.880565882
2020,73,Russia,5.546000004,1.126999617,1.378644109,0.68044591,0.399499595,0.099041916,0.045699362,1.815716743
2020,74,Kyrgyzstan,5.541500092,0.513180971,1.341036677,0.680645883,0.614617765,0.30137074,0.030466691,2.060206652
2020,75,Belarus,5.539899826,1.018854499,1.38713932,0.75258857,0.290755868,0.08993306,0.193607435,1.8069911
2020,76,North Cyprus,5.53550005,1.21279943,1.183089137,1.026124597,0.477885723,0.199160054,0.199802905,1.23668766
2020,77,Greece,5.514999866,1.128070116,1.168973565,0.979431748,0.173516348,0.0,0.048844352,2.016179085
2020,78,Hong Kong S.A.R. of China,5.510399818,1.376746058,1.243584275,1.136630654,0.459356517,0.288280904,0.332485437,0.673293114
2020,79,Croatia,5.504700184,1.109024286,1.311264873,0.900575578,0.381456882,0.113998979,0.012325006,1.676029205
2020,80,Libya,5.488800049,1.021913767,1.196283698,0.615626633,0.451354057,0.142757699,0.172258079,1.888563156
2020,81,Mongolia,5.456200123,0.904872775,1.458930612,0.615788162,0.355703115,0.263885736,0.046533126,1.810527563
2020,82,Malaysia,5.384300232,1.168421626,1.17400229,0.788511872,0.596941531,0.274886161,0.062163133,1.319420815
2020,83,Vietnam,5.353499889,0.718092382,1.253074765,0.819133997,0.650835574,0.136488721,0.089848459,1.685977936
2020,84,Indonesia,5.285600185,0.891720712,1.154800892,0.610437036,0.568161428,0.542646527,0.038278613,1.479573488
2020,85,Ivory Coast,5.233300209,0.537094414,0.799727261,0.154942513,0.397122532,0.169915587,0.093495794,3.081022501
2020,86,Benin,5.21600008,0.366244704,0.352428436,0.328062952,0.40583989,0.196670428,0.125931874,3.440809727
2020,87,Maldives,5.197599888,0.937864304,1.402287602,0.914439559,0.548203647,0.224198252,0.071906492,1.098674774
2020,88,Congo (Brazzaville),5.194399834,0.633616745,0.757636011,0.458101124,0.386514395,0.117216013,0.118670784,2.722619534
2020,89,Azerbaijan,5.164800167,0.990272701,1.180613041,0.731134057,0.467734724,0.040113214,0.247307181,1.507632971
2020,90,Macedonia,5.159800053,0.935371995,1.183173537,0.802994132,0.410224587,0.18586354,0.024595059,1.617594957
2020,91,Ghana,5.147999763,0.575862467,0.96636796,0.432162255,0.477290064,0.261291206,0.056570381,2.378437281
2020,92,Nepal,5.137199879,0.444050372,1.100789309,0.66887939,0.480608255,0.300971806,0.127502963,2.014386892
2020,93,Turkey,5.131800175,1.127169251,1.197159171,0.781335294,0.25440076,0.085885569,0.120983243,1.564816713
2020,94,China,5.123899937,0.990533412,1.132080674,0.867248535,0.601605117,0.079021044,0.117255554,1.336181879
2020,95,Turkmenistan,5.119100094,1.008963585,1.510476947,0.612448037,0.515236676,0.323129326,0.03350389,1.115337372
2020,96,Bulgaria,5.101500034,1.046554685,1.460578918,0.777776897,0.417820066,0.103833713,0.0,1.294961452
2020,97,Morocco,5.094799995,0.75862211,0.645208478,0.745096922,0.450054139,0.040032551,0.077385604,2.378402472
2020,98,Cameroon,5.084899902,0.503958046,0.89972645,0.270189553,0.439242482,0.198020101,0.054393422,2.719370842
2020,99,Venezuela,5.053199768,0.770238638,1.348546863,0.76702553,0.271717221,0.087179154,0.063624777,1.74484086
2020,100,Algeria,5.005099773,0.943856001,1.143003583,0.745418549,0.083943799,0.118915014,0.129190654,1.840811729
2020,101,Senegal,4.980800152,0.504061818,0.95459342,0.518391907,0.352400899,0.164397135,0.081865937,2.405123949
2020,102,Guinea,4.949299812,0.390007734,0.75136596,0.333655238,0.371878058,0.249490842,0.112204559,2.740729809
2020,103,Niger,4.909599781,0.108330332,0.703800142,0.298816353,0.435311615,0.208176896,0.137554765,3.017630577
2020,104,Laos,4.888599873,0.714693844,0.987391889,0.486378282,0.612027287,0.27266711,0.194273964,1.621152639
2020,105,Albania,4.882699966,0.906653047,0.830483913,0.846329629,0.461945891,0.171027765,0.025361285,1.640897036
2020,106,Cambodia,4.848400116,0.544634938,1.071426034,0.587904334,0.674940348,0.233342081,0.072837502,1.663300037
2020,107,Bangladesh,4.832799911,0.556156278,0.868800581,0.694940507,0.604130566,0.176745117,0.176735908,1.755261898
2020,108,Gabon,4.829299927,0.988044381,1.10639751,0.522574842,0.369459897,0.052013602,0.055804539,1.735027552
2020,109,South Africa,4.814099789,0.902140439,1.259086251,0.407034069,0.43478182,0.126406848,0.05950214,1.625117302
2020,110,Iraq,4.784800053,0.982018709,1.011466622,0.529350698,0.283588052,0.153002068,0.073164992,1.752173662
2020,111,Lebanon,4.771500111,0.889232516,1.19249332,0.788671136,0.18551667,0.158524141,0.021518147,1.53554225
2020,112,Burkina Faso,4.768700123,0.302467644,0.9293859,0.312833875,0.322398156,0.186390609,0.126408055,2.588826418
2020,113,Gambia,4.750599861,0.256990552,0.882678688,0.353247881,0.403419524,0.425989687,0.158093795,2.270216465
2020,114,Mali,4.729300022,0.352462649,0.97314173,0.234981522,0.377534449,0.16966705,0.062146276,2.559335232
2020,115,Nigeria,4.724100113,0.645901859,0.986717939,0.167835936,0.435079455,0.221328124,0.047589935,2.219635487
2020,116,Armenia,4.676799774,0.808262408,1.034576893,0.77585727,0.378075808,0.107225738,0.104618184,1.468161583
2020,117,Georgia,4.672599792,0.847198069,0.7311939,0.694657624,0.485494107,0.047609735,0.174088076,1.69239831
2020,118,Iran,4.672399998,1.029322505,0.886271179,0.749053836,0.301195472,0.27697894,0.142651513,1.286969423
2020,119,Jordan,4.633399963,0.785179198,1.140118599,0.777624726,0.424855083,0.091494769,0.151878625,1.262258053
2020,120,Mozambique,4.623600006,0.178741366,0.955202878,0.324223638,0.56077534,0.220422104,0.163064316,2.221216202
2020,121,Kenya,4.583000183,0.476413399,0.905077755,0.536312759,0.519180536,0.393902093,0.067201078,1.684904575
2020,122,Namibia,4.571100235,0.84008199,1.245738149,0.40687117,0.444598973,0.076454483,0.054320343,1.503033161
2020,123,Ukraine,4.56069994,0.780434608,1.321316481,0.698674381,0.319423705,0.178551316,0.00965116,1.252669334
2020,124,Liberia,4.557899952,0.174103007,0.920733929,0.392284274,0.405943096,0.226967871,0.051139876,2.386757851
2020,125,Palestinian Territories,4.552800179,0.587819219,1.194755554,0.613826573,0.29870075,0.091816261,0.071913652,1.693985701
2020,126,Uganda,4.43200016,0.312337428,1.052327394,0.378311664,0.401682556,0.264807373,0.063818842,1.958671093
2020,127,Chad,4.422699928,0.302287489,0.739118278,0.1087441,0.228601769,0.210805088,0.085755408,2.74742651
2020,128,Tunisia,4.392199993,0.874742687,0.872167706,0.781156719,0.235860556,0.055881143,0.043899573,1.528496742
2020,129,Mauritania,4.374599934,0.539684892,1.113323569,0.425184816,0.185714483,0.128899664,0.122257635,1.85955739
2020,130,Sri Lanka,4.327000141,0.897986948,1.19494009,0.792036712,0.528632462,0.252666146,0.049444564,0.611288548
2020,131,Congo (Kinshasa),4.31099987,0.062487468,0.833055019,0.277212054,0.36462298,0.254324883,0.081466645,2.437864304
2020,132,Swaziland,4.308100224,0.827539742,1.064835191,0.215585828,0.299935788,0.067264833,0.146765873,1.686207294
2020,133,Myanmar,4.308000088,0.67809093,1.098178267,0.495443076,0.597478867,0.569813728,0.187530354,0.681462526
2020,134,Comoros,4.288599968,0.415620774,0.723232806,0.437383324,0.181028232,0.258538276,0.100048535,2.17276907
2020,135,Togo,4.187200069,0.268116266,0.547622859,0.342731178,0.303539038,0.200774252,0.114826456,2.409595251
2020,136,Ethiopia,4.186200142,0.315125644,1.001103282,0.483846247,0.41256687,0.227698103,0.117437035,1.628459215
2020,137,Madagascar,4.165599823,0.244553208,0.823694348,0.500617027,0.192967549,0.191190064,0.076248638,2.136298418
2020,138,Egypt,4.151400089,0.875228941,0.982539535,0.596911311,0.373684734,0.068801254,0.095461793,1.158818245
2020,139,Sierra Leone,3.926399946,0.240560383,0.747984946,0.203953966,0.382027686,0.257647008,0.047940936,2.046271801
2020,140,Burundi,3.775300026,0.0,0.403575271,0.295212835,0.275399059,0.187401786,0.212186828,2.401507378
2020,141,Zambia,3.759399891,0.536833763,0.896037281,0.36359334,0.49131754,0.250620902,0.086705238,1.134339333
2020,142,Haiti,3.720799923,0.284734428,0.646671355,0.37436673,0.169297516,0.463909656,0.161935672,1.619916916
2020,143,Lesotho,3.652800083,0.45493874,1.088940024,0.100934811,0.409367532,0.102627642,0.050483823,1.445513964
2020,144,India,3.573299885,0.730576158,0.644198656,0.54057014,0.581142247,0.237072483,0.105587982,0.734130859
2020,145,Malawi,3.538000107,0.176534727,0.53036809,0.446163297,0.487389833,0.213185057,0.131633952,1.552718282
2020,146,Yemen,3.527400017,0.392701775,1.177477121,0.41500017,0.243721485,0.094689012,0.087352127,1.116472721
2020,147,Botswana,3.478899956,0.997548997,1.08569479,0.494101733,0.50908941,0.033407487,0.101786368,0.257240534
2020,148,Tanzania,3.476200104,0.457163125,0.872674644,0.442677855,0.509343088,0.27154091,0.203880861,0.718963385
2020,149,Central African Republic,3.475899935,0.041072082,0.0,0.0,0.292814463,0.253513217,0.028264718,2.860197544
2020,150,Rwanda,3.312299967,0.343242675,0.522876322,0.572383285,0.604087889,0.235704988,0.485542476,0.548444986
2020,151,Zimbabwe,3.299200058,0.425564021,1.047835231,0.375037611,0.37740472,0.151349187,0.080928579,0.841031075
2020,152,South Sudan,2.816600084,0.289082974,0.553278506,0.208809033,0.065609254,0.209934607,0.111156799,1.378751278
2020,153,Afghanistan,2.566900015,0.30070585,0.356433839,0.266051531,0.0,0.135234714,0.001225785,1.507235646
2021,1,Finland,7.842,1.446,1.106,0.741,0.691,0.124,0.481,3.253
2021,2,Denmark,7.62,1.502,1.108,0.763,0.686,0.208,0.485,2.868
2021,3,Switzerland,7.571,1.566,1.079,0.816,0.653,0.204,0.413,2.839
2021,4,Iceland,7.554,1.482,1.172,0.772,0.698,0.293,0.17,2.967
2021,5,Netherlands,7.464,1.501,1.079,0.753,0.647,0.302,0.384,2.798
2021,6,Norway,7.392,1.543,1.108,0.782,0.703,0.249,0.427,2.58
2021,7,Sweden,7.363,1.478,1.062,0.763,0.685,0.244,0.448,2.683
2021,8,Luxembourg,7.324,1.751,1.003,0.76,0.639,0.166,0.353,2.653
2021,9,New Zealand,7.277,1.4,1.094,0.785,0.665,0.276,0.445,2.612
2021,10,Austria,7.268,1.492,1.062,0.782,0.64,0.215,0.292,2.784
2021,11,Australia,7.183,1.453,1.076,0.801,0.647,0.291,0.317,2.598
2021,12,Israel,7.157,1.376,1.074,0.788,0.509,0.208,0.119,3.083
2021,13,Germany,7.155,1.48,0.993,0.757,0.6,0.195,0.306,2.824
2021,14,Canada,7.103,1.447,1.044,0.798,0.648,0.246,0.335,2.585
2021,15,Ireland,7.085,1.644,1.092,0.753,0.606,0.238,0.367,2.384
2021,16,Costa Rica,7.069,1.134,0.966,0.722,0.673,0.105,0.083,3.387
2021,17,United Kingdom,7.064,1.423,1.062,0.757,0.58,0.34,0.306,2.596
2021,18,Czech Republic,6.965,1.37,1.09,0.703,0.58,0.052,0.046,3.124
2021,19,United States,6.951,1.533,1.03,0.621,0.554,0.252,0.154,2.807
2021,20,Belgium,6.834,1.463,0.998,0.747,0.489,0.088,0.187,2.862
2021,21,France,6.69,1.421,1.081,0.804,0.536,0.092,0.235,2.521
2021,22,Bahrain,6.647,1.409,0.899,0.662,0.661,0.246,0.139,2.631
2021,23,Malta,6.602,1.411,1.055,0.747,0.664,0.275,0.183,2.268
2021,24,Taiwan Province of China,6.584,1.48,0.982,0.665,0.49,0.142,0.139,2.687
2021,25,United Arab Emirates,6.561,1.555,0.86,0.594,0.67,0.236,0.223,2.422
2021,26,Saudi Arabia,6.494,1.435,0.964,0.571,0.603,0.09,0.163,2.668
2021,27,Spain,6.491,1.375,1.057,0.826,0.462,0.135,0.124,2.513
2021,28,Italy,6.483,1.393,0.94,0.798,0.379,0.133,0.047,2.794
2021,29,Slovenia,6.461,1.36,1.093,0.722,0.69,0.122,0.085,2.388
2021,30,Guatemala,6.435,0.845,0.79,0.519,0.638,0.163,0.105,3.375
2021,31,Uruguay,6.431,1.164,1.042,0.649,0.625,0.128,0.223,2.6
2021,32,Singapore,6.377,1.695,1.019,0.897,0.664,0.176,0.547,1.379
2021,33,Kosovo,6.372,0.937,0.807,0.483,0.593,0.356,0.014,3.182
2021,34,Slovakia,6.331,1.304,1.066,0.653,0.468,0.107,0.018,2.714
2021,35,Brazil,6.33,1.028,0.944,0.571,0.514,0.142,0.117,3.015
2021,36,Mexico,6.317,1.126,0.83,0.634,0.585,0.092,0.089,2.961
2021,37,Jamaica,6.309,0.891,0.932,0.599,0.618,0.099,0.035,3.135
2021,38,Lithuania,6.255,1.35,1.065,0.612,0.476,0.056,0.073,2.624
2021,39,Cyprus,6.223,1.377,0.765,0.801,0.464,0.178,0.061,2.578
2021,40,Estonia,6.189,1.344,1.079,0.64,0.641,0.119,0.263,2.103
2021,41,Panama,6.18,1.298,0.976,0.667,0.596,0.079,0.053,2.509
2021,42,Uzbekistan,6.179,0.769,1.027,0.528,0.716,0.391,0.271,2.477
2021,43,Chile,6.172,1.2,0.946,0.678,0.438,0.159,0.07,2.682
2021,44,Poland,6.166,1.309,0.982,0.668,0.558,0.08,0.13,2.438
2021,45,Kazakhstan,6.152,1.23,1.103,0.527,0.573,0.143,0.132,2.446
2021,46,Romania,6.14,1.275,0.832,0.595,0.564,0.045,0.001,2.83
2021,47,Kuwait,6.106,1.461,0.857,0.58,0.591,0.12,0.13,2.368
2021,48,Serbia,6.078,1.101,0.924,0.634,0.482,0.189,0.066,2.682
2021,49,El Salvador,6.061,0.845,0.675,0.565,0.615,0.116,0.16,3.085
2021,50,Mauritius,6.049,1.178,0.996,0.574,0.59,0.153,0.096,2.462
2021,51,Latvia,6.032,1.285,1.047,0.587,0.405,0.082,0.089,2.536
2021,52,Colombia,6.012,1.021,0.866,0.615,0.554,0.1,0.063,2.794
2021,53,Hungary,5.992,1.301,1.083,0.615,0.454,0.067,0.04,2.432
2021,54,Thailand,5.985,1.107,0.957,0.596,0.611,0.375,0.028,2.309
2021,55,Nicaragua,5.972,0.693,0.904,0.604,0.553,0.201,0.176,2.841
2021,56,Japan,5.94,1.389,0.949,0.838,0.504,0.02,0.192,2.048
2021,57,Argentina,5.929,1.162,0.98,0.646,0.544,0.069,0.067,2.461
2021,58,Portugal,5.929,1.323,0.939,0.76,0.621,0.029,0.033,2.225
2021,59,Honduras,5.919,0.703,0.787,0.593,0.578,0.241,0.083,2.934
2021,60,Croatia,5.882,1.251,1.039,0.703,0.453,0.111,0.0,2.325
2021,61,Philippines,5.88,0.853,0.828,0.426,0.651,0.125,0.126,2.872
2021,62,South Korea,5.845,1.403,0.758,0.801,0.353,0.134,0.135,2.262
2021,63,Peru,5.84,0.986,0.833,0.623,0.536,0.087,0.031,2.744
2021,64,Bosnia and Herzegovina,5.813,1.032,0.919,0.618,0.395,0.261,0.005,2.583
2021,65,Moldova,5.766,0.985,0.888,0.542,0.536,0.137,0.013,2.665
2021,66,Ecuador,5.764,0.935,0.806,0.64,0.56,0.107,0.062,2.653
2021,67,Kyrgyzstan,5.744,0.665,0.971,0.501,0.673,0.266,0.02,2.648
2021,68,Greece,5.723,1.273,0.811,0.76,0.243,0.0,0.074,2.561
2021,69,Bolivia,5.716,0.842,0.782,0.486,0.6,0.138,0.064,2.805
2021,70,Mongolia,5.677,0.966,1.065,0.442,0.397,0.263,0.053,2.492
2021,71,Paraguay,5.653,0.983,0.97,0.549,0.602,0.206,0.037,2.306
2021,72,Montenegro,5.581,1.155,0.891,0.637,0.397,0.166,0.081,2.254
2021,73,Dominican Republic,5.545,1.106,0.879,0.555,0.581,0.101,0.144,2.178
2021,74,North Cyprus,5.536,1.377,0.806,0.801,0.503,0.196,0.2,1.653
2021,75,Belarus,5.534,1.124,1.007,0.56,0.326,0.07,0.199,2.247
2021,76,Russia,5.477,1.241,0.992,0.511,0.409,0.115,0.06,2.148
2021,77,Hong Kong S.A.R. of China,5.477,1.525,0.841,0.893,0.408,0.232,0.342,1.236
2021,78,Tajikistan,5.466,0.508,0.895,0.498,0.548,0.152,0.247,2.619
2021,79,Vietnam,5.411,0.817,0.873,0.616,0.679,0.124,0.091,2.211
2021,80,Libya,5.41,1.044,0.821,0.435,0.474,0.131,0.174,2.331
2021,81,Malaysia,5.384,1.259,0.797,0.587,0.624,0.27,0.064,1.784
2021,82,Indonesia,5.345,0.954,0.786,0.433,0.598,0.541,0.046,1.987
2021,83,Congo (Brazzaville),5.342,0.518,0.392,0.307,0.381,0.144,0.124,3.476
2021,84,China,5.339,1.061,0.785,0.665,0.636,0.093,0.117,1.982
2021,85,Ivory Coast,5.306,0.669,0.409,0.052,0.438,0.177,0.092,3.469
2021,86,Armenia,5.283,0.996,0.758,0.585,0.54,0.079,0.198,2.127
2021,87,Nepal,5.269,0.519,0.702,0.496,0.488,0.287,0.135,2.642
2021,88,Bulgaria,5.266,1.181,1.055,0.583,0.494,0.125,0.005,1.823
2021,89,Maldives,5.198,1.115,1.015,0.697,0.575,0.204,0.073,1.52
2021,90,Azerbaijan,5.171,1.025,0.841,0.541,0.526,0.043,0.276,1.919
2021,91,Cameroon,5.142,0.543,0.556,0.159,0.425,0.205,0.058,3.195
2021,92,Senegal,5.132,0.518,0.558,0.357,0.381,0.158,0.088,3.071
2021,93,Albania,5.117,1.008,0.529,0.646,0.491,0.168,0.024,2.25
2021,94,North Macedonia,5.101,1.068,0.772,0.535,0.45,0.212,0.022,2.042
2021,95,Ghana,5.088,0.68,0.595,0.287,0.517,0.268,0.058,2.684
2021,96,Niger,5.074,0.162,0.402,0.167,0.516,0.2,0.157,3.47
2021,97,Turkmenistan,5.066,1.046,1.172,0.439,0.602,0.366,0.033,1.409
2021,98,Gambia,5.051,0.367,0.511,0.21,0.384,0.465,0.123,2.99
2021,99,Benin,5.045,0.507,0.058,0.196,0.457,0.166,0.178,3.482
2021,100,Laos,5.03,0.808,0.598,0.33,0.643,0.268,0.179,2.204
2021,101,Bangladesh,5.025,0.635,0.52,0.514,0.603,0.161,0.164,2.427
2021,102,Guinea,4.984,0.42,0.399,0.206,0.384,0.25,0.111,3.216
2021,103,South Africa,4.956,0.967,0.895,0.265,0.447,0.144,0.051,2.187
2021,104,Turkey,4.948,1.26,0.809,0.59,0.236,0.097,0.104,1.852
2021,105,Pakistan,4.934,0.637,0.423,0.322,0.418,0.252,0.097,2.784
2021,106,Morocco,4.918,0.792,0.219,0.558,0.477,0.034,0.088,2.749
2021,107,Venezuela,4.892,0.852,0.897,0.574,0.284,0.078,0.072,2.135
2021,108,Georgia,4.891,1.03,0.47,0.498,0.488,0.032,0.181,2.191
2021,109,Algeria,4.887,0.946,0.765,0.552,0.119,0.144,0.12,2.242
2021,110,Ukraine,4.875,0.979,0.958,0.517,0.417,0.181,0.01,1.813
2021,111,Iraq,4.854,0.91,0.638,0.381,0.302,0.153,0.041,2.429
2021,112,Gabon,4.852,1.037,0.707,0.362,0.424,0.058,0.064,2.201
2021,113,Burkina Faso,4.834,0.364,0.472,0.179,0.381,0.182,0.122,3.133
2021,114,Cambodia,4.83,0.603,0.68,0.426,0.702,0.21,0.061,2.148
2021,115,Mozambique,4.794,0.183,0.634,0.196,0.608,0.228,0.163,2.783
2021,116,Nigeria,4.759,0.663,0.625,0.051,0.433,0.212,0.039,2.736
2021,117,Mali,4.723,0.387,0.59,0.11,0.384,0.164,0.072,3.016
2021,118,Iran,4.721,1.03,0.557,0.561,0.275,0.33,0.144,1.823
2021,119,Uganda,4.636,0.364,0.718,0.24,0.398,0.267,0.054,2.596
2021,120,Liberia,4.625,0.228,0.58,0.253,0.43,0.221,0.057,2.857
2021,121,Kenya,4.607,0.603,0.508,0.385,0.483,0.375,0.073,2.18
2021,122,Tunisia,4.596,0.919,0.515,0.59,0.334,0.057,0.044,2.138
2021,123,Lebanon,4.584,1.045,0.868,0.595,0.175,0.14,0.026,1.736
2021,124,Namibia,4.574,0.882,0.801,0.262,0.411,0.091,0.059,2.068
2021,125,Palestinian Territories,4.517,0.646,0.819,0.434,0.33,0.082,0.075,2.131
2021,126,Myanmar,4.426,0.666,0.713,0.341,0.601,0.52,0.178,1.407
2021,127,Jordan,4.395,0.89,0.685,0.583,0.455,0.079,0.15,1.553
2021,128,Chad,4.355,0.255,0.353,0.0,0.24,0.215,0.084,3.209
2021,129,Sri Lanka,4.325,0.99,0.82,0.593,0.559,0.239,0.049,1.075
2021,130,Swaziland,4.308,0.849,0.693,0.074,0.323,0.067,0.147,2.155
2021,131,Comoros,4.289,0.488,0.367,0.279,0.202,0.241,0.101,2.61
2021,132,Egypt,4.283,0.954,0.647,0.426,0.446,0.069,0.092,1.648
2021,133,Ethiopia,4.275,0.37,0.679,0.331,0.451,0.241,0.114,2.089
2021,134,Mauritania,4.227,0.666,0.749,0.273,0.218,0.119,0.133,2.069
2021,135,Madagascar,4.208,0.266,0.503,0.341,0.207,0.185,0.087,2.62
2021,136,Togo,4.107,0.254,0.239,0.203,0.289,0.209,0.107,2.806
2021,137,Zambia,4.073,0.528,0.552,0.231,0.487,0.227,0.074,1.975
2021,138,Sierra Leone,3.849,0.279,0.377,0.1,0.408,0.243,0.047,2.396
2021,139,India,3.819,0.741,0.316,0.383,0.622,0.246,0.106,1.405
2021,140,Burundi,3.775,0.0,0.062,0.155,0.298,0.172,0.212,2.876
2021,141,Yemen,3.658,0.329,0.831,0.272,0.268,0.092,0.089,1.776
2021,142,Tanzania,3.623,0.433,0.54,0.3,0.549,0.307,0.231,1.263
2021,143,Haiti,3.615,0.294,0.173,0.227,0.257,0.463,0.139,2.06
2021,144,Malawi,3.6,0.113,0.168,0.298,0.484,0.213,0.134,2.19
2021,145,Lesotho,3.512,0.451,0.731,0.007,0.405,0.103,0.015,1.8
2021,146,Botswana,3.467,1.099,0.724,0.34,0.539,0.027,0.088,0.648
2021,147,Rwanda,3.415,0.364,0.202,0.407,0.627,0.227,0.493,1.095
2021,148,Zimbabwe,3.145,0.457,0.649,0.243,0.359,0.157,0.075,1.205
2021,149,Afghanistan,2.523,0.37,0.0,0.126,0.0,0.122,0.01,1.895
2022,1,Finland,7.821,1.892,1.258,0.775,0.736,0.109,0.534,2.518
2022,2,Denmark,7.636,1.953,1.243,0.777,0.719,0.188,0.532,2.226
2022,3,Iceland,7.557,1.936,1.32,0.803,0.718,0.27,0.191,2.32
2022,4,Switzerland,7.512,2.026,1.226,0.822,0.677,0.147,0.461,2.153
2022,5,Netherlands,7.415,1.945,1.206,0.787,0.651,0.271,0.419,2.137
2022,6,Luxembourg,7.404,2.209,1.155,0.79,0.7,0.12,0.388,2.042
2022,7,Sweden,7.384,1.92,1.204,0.803,0.724,0.218,0.512,2.003
2022,8,Norway,7.365,1.997,1.239,0.786,0.728,0.217,0.474,1.925
2022,9,Israel,7.364,1.826,1.221,0.818,0.568,0.155,0.143,2.634
2022,10,New Zealand,7.2,1.852,1.235,0.752,0.68,0.245,0.483,1.954
2022,11,Austria,7.163,1.931,1.165,0.774,0.623,0.193,0.329,2.148
2022,12,Australia,7.162,1.9,1.203,0.772,0.676,0.258,0.341,2.011
2022,13,Ireland,7.041,2.129,1.166,0.779,0.627,0.19,0.408,1.743
2022,14,Germany,7.034,1.924,1.088,0.776,0.585,0.163,0.358,2.142
2022,15,Canada,7.025,1.886,1.188,0.783,0.659,0.217,0.368,1.924
2022,16,United States,6.977,1.982,1.182,0.628,0.574,0.22,0.177,2.214
2022,17,United Kingdom,6.943,1.867,1.143,0.75,0.597,0.289,0.329,1.967
2022,18,Czechia,6.92,1.815,1.26,0.715,0.66,0.158,0.048,2.263
2022,19,Belgium,6.805,1.907,1.106,0.764,0.492,0.049,0.204,2.283
2022,20,France,6.687,1.863,1.219,0.808,0.567,0.07,0.266,1.895
2022,21,Bahrain,6.647,1.854,1.029,0.625,0.693,0.199,0.155,2.092
2022,22,Slovenia,6.63,1.81,1.249,0.769,0.685,0.118,0.115,1.885
2022,23,Costa Rica,6.582,1.584,1.054,0.744,0.661,0.089,0.102,2.346
2022,24,United Arab Emirates,6.576,1.998,0.98,0.633,0.702,0.204,0.25,1.809
2022,25,Saudi Arabia,6.523,1.87,1.092,0.577,0.651,0.078,0.18,2.075
2022,26,Taiwan Province of China,6.512,1.897,1.095,0.733,0.542,0.075,0.168,2.002
2022,27,Singapore,6.48,2.149,1.127,0.851,0.672,0.163,0.587,0.932
2022,28,Romania,6.477,1.719,1.006,0.655,0.605,0.039,0.006,2.446
2022,29,Spain,6.476,1.808,1.211,0.808,0.505,0.101,0.149,1.893
2022,30,Uruguay,6.474,1.615,1.18,0.672,0.665,0.103,0.265,1.974
2022,31,Italy,6.467,1.834,1.052,0.801,0.412,0.085,0.059,2.222
2022,32,Kosovo,6.455,1.362,0.949,0.569,0.599,0.309,0.035,2.631
2022,33,Malta,6.447,1.838,1.169,0.789,0.679,0.174,0.166,1.631
2022,34,Lithuania,6.446,1.804,1.204,0.659,0.496,0.053,0.077,2.153
2022,35,Slovakia,6.391,1.736,1.232,0.707,0.479,0.118,0.025,2.094
2022,36,Estonia,6.341,1.793,1.232,0.728,0.689,0.123,0.333,1.442
2022,37,Panama,6.309,1.715,1.107,0.709,0.592,0.049,0.051,2.086
2022,38,Brazil,6.293,1.462,1.044,0.615,0.546,0.131,0.134,2.361
2022,39,Guatemala,6.262,1.274,0.831,0.522,0.662,0.112,0.115,2.746
2022,40,Kazakhstan,6.234,1.668,1.22,0.611,0.584,0.134,0.157,1.86
2022,41,Cyprus,6.221,1.815,0.909,0.819,0.448,0.123,0.062,2.044
2022,42,Latvia,6.18,1.732,1.221,0.637,0.502,0.075,0.09,1.923
2022,43,Serbia,6.178,1.55,1.086,0.658,0.546,0.219,0.088,2.031
2022,44,Chile,6.172,1.651,1.08,0.748,0.46,0.124,0.069,2.04
2022,45,Nicaragua,6.165,1.105,1.029,0.617,0.617,0.168,0.212,2.418
2022,46,Mexico,6.128,1.552,0.886,0.623,0.621,0.092,0.115,2.239
2022,47,Croatia,6.125,1.705,1.183,0.709,0.535,0.109,0.0,1.884
2022,48,Poland,6.123,1.758,1.174,0.712,0.523,0.124,0.14,1.693
2022,49,El Salvador,6.12,1.265,0.768,0.607,0.666,0.089,0.212,2.514
2022,50,Kuwait,6.106,1.904,0.983,0.747,0.617,0.087,0.147,1.621
2022,51,Hungary,6.086,1.748,1.233,0.668,0.485,0.078,0.064,1.812
2022,52,Mauritius,6.071,1.591,1.116,0.568,0.589,0.131,0.107,1.969
2022,53,Uzbekistan,6.063,1.219,1.092,0.6,0.716,0.283,0.24,1.913
2022,54,Japan,6.039,1.835,1.089,0.866,0.537,0.007,0.218,1.487
2022,55,Honduras,6.022,1.111,0.885,0.555,0.582,0.202,0.076,2.611
2022,56,Portugal,6.016,1.76,1.078,0.777,0.655,0.016,0.039,1.691
2022,57,Argentina,5.967,1.592,1.102,0.662,0.555,0.081,0.085,1.891
2022,58,Greece,5.948,1.703,0.98,0.774,0.249,0.015,0.108,2.119
2022,59,South Korea,5.935,1.851,0.886,0.841,0.414,0.111,0.176,1.656
2022,60,Philippines,5.904,1.268,0.912,0.514,0.678,0.107,0.142,2.283
2022,61,Thailand,5.891,1.535,1.096,0.697,0.617,0.321,0.026,1.6
2022,62,Moldova,5.857,1.417,1.008,0.597,0.561,0.102,0.028,2.142
2022,63,Jamaica,5.85,1.296,1.045,0.646,0.567,0.08,0.053,2.164
2022,64,Kyrgyzstan,5.828,1.069,1.109,0.638,0.693,0.208,0.025,2.087
2022,65,Belarus,5.821,1.562,1.157,0.629,0.342,0.04,0.282,1.811
2022,66,Colombia,5.781,1.452,0.929,0.72,0.545,0.087,0.077,1.971
2022,67,Bosnia and Herzegovina,5.768,1.468,1.068,0.665,0.448,0.244,0.006,1.869
2022,68,Mongolia,5.761,1.393,1.197,0.467,0.398,0.247,0.059,1.999
2022,69,Dominican Republic,5.737,1.538,1.003,0.577,0.606,0.084,0.179,1.751
2022,70,Malaysia,5.711,1.689,0.938,0.62,0.654,0.213,0.126,1.471
2022,71,Bolivia,5.6,1.256,0.88,0.555,0.627,0.112,0.064,2.107
2022,72,China,5.585,1.508,0.958,0.705,0.656,0.099,0.142,1.516
2022,73,Paraguay,5.578,1.409,1.13,0.624,0.629,0.171,0.059,1.555
2022,74,Peru,5.559,1.397,0.865,0.735,0.545,0.09,0.037,1.89
2022,75,Montenegro,5.547,1.573,1.023,0.659,0.46,0.135,0.077,1.619
2022,76,Ecuador,5.533,1.352,0.879,0.708,0.565,0.08,0.083,1.866
2022,77,Vietnam,5.485,1.252,0.932,0.611,0.707,0.143,0.105,1.735
2022,78,Turkmenistan,5.474,1.484,1.319,0.516,0.649,0.314,0.032,1.16
2022,79,North Cyprus,5.467,1.815,0.888,0.819,0.523,0.13,0.213,1.078
2022,80,Russia,5.459,1.685,1.095,0.586,0.401,0.117,0.08,1.494
2022,81,Hong Kong S.A.R. of China,5.425,1.957,0.954,0.942,0.4,0.147,0.383,0.642
2022,82,Armenia,5.399,1.434,0.82,0.668,0.558,0.054,0.21,1.654
2022,83,Tajikistan,5.377,0.966,1.005,0.518,0.572,0.118,0.304,1.895
2022,84,Nepal,5.377,0.984,0.784,0.499,0.519,0.237,0.13,2.224
2022,85,Bulgaria,5.371,1.625,1.163,0.64,0.563,0.123,0.021,1.235
2022,86,Libya,5.33,1.476,0.943,0.606,0.477,0.106,0.179,1.544
2022,87,Indonesia,5.24,1.382,0.883,0.539,0.62,0.468,0.047,1.3
2022,88,Ivory Coast,5.235,1.094,0.442,0.322,0.451,0.149,0.124,2.652
2022,89,North Macedonia,5.199,1.505,0.863,0.637,0.488,0.215,0.031,1.461
2022,90,Albania,5.199,1.439,0.646,0.719,0.511,0.138,0.028,1.718
2022,91,South Africa,5.194,1.425,1.088,0.361,0.442,0.089,0.046,1.742
2022,92,Azerbaijan,5.173,1.458,1.093,0.56,0.601,0.023,0.341,1.098
2022,93,Gambia,5.164,0.785,0.621,0.369,0.367,0.388,0.103,2.531
2022,94,Bangladesh,5.155,1.06,0.614,0.581,0.622,0.125,0.187,1.967
2022,95,Laos,5.14,1.239,0.654,0.479,0.679,0.197,0.184,1.709
2022,96,Algeria,5.122,1.363,0.97,0.643,0.146,0.106,0.15,1.744
2022,97,Liberia,5.122,0.636,0.67,0.309,0.405,0.178,0.08,2.844
2022,98,Ukraine,5.084,1.411,1.081,0.583,0.473,0.188,0.017,1.331
2022,99,Congo,5.075,0.95,0.405,0.355,0.431,0.13,0.146,2.658
2022,100,Morocco,5.06,1.208,0.268,0.565,0.492,0.02,0.102,2.405
2022,101,Mozambique,5.048,0.578,0.66,0.191,0.593,0.185,0.2,2.641
2022,102,Cameroon,5.048,0.968,0.672,0.317,0.397,0.152,0.074,2.469
2022,103,Senegal,5.046,0.933,0.53,0.447,0.494,0.143,0.081,2.419
2022,104,Niger,5.003,0.57,0.56,0.326,0.571,0.165,0.145,2.667
2022,105,Georgia,4.973,1.467,0.612,0.595,0.508,0.0,0.208,1.583
2022,106,Gabon,4.958,1.459,0.738,0.396,0.343,0.032,0.099,1.892
2022,107,Iraq,4.941,1.289,0.682,0.554,0.328,0.147,0.046,1.894
2022,108,Venezuela,4.925,0.0,0.968,0.578,0.283,0.225,0.082,2.79
2022,109,Guinea,4.891,0.848,0.566,0.275,0.334,0.214,0.116,2.538
2022,110,Iran,4.888,1.41,0.741,0.642,0.281,0.241,0.146,1.427
2022,111,Ghana,4.872,1.112,0.595,0.409,0.5,0.23,0.056,1.972
2022,112,Turkey,4.744,1.707,0.865,0.702,0.209,0.087,0.115,1.059
2022,113,Burkina Faso,4.67,0.779,0.565,0.32,0.382,0.186,0.126,2.313
2022,114,Cambodia,4.64,1.019,0.732,0.505,0.74,0.166,0.068,1.41
2022,115,Benin,4.623,0.932,0.064,0.335,0.479,0.127,0.23,2.458
2022,116,Comoros,4.609,0.899,0.476,0.424,0.185,0.195,0.125,2.304
2022,117,Uganda,4.603,0.777,0.875,0.418,0.402,0.222,0.066,1.842
2022,118,Nigeria,4.552,1.079,0.732,0.3,0.444,0.175,0.038,1.784
2022,119,Kenya,4.543,1.032,0.605,0.401,0.44,0.322,0.082,1.661
2022,120,Tunisia,4.516,1.35,0.596,0.656,0.316,0.029,0.029,1.54
2022,121,Pakistan,4.516,1.049,0.413,0.374,0.448,0.181,0.112,1.94
2022,122,Palestinian Territories,4.483,1.148,0.957,0.521,0.336,0.073,0.079,1.368
2022,123,Mali,4.479,0.792,0.483,0.311,0.35,0.128,0.042,2.373
2022,124,Namibia,4.459,1.292,0.877,0.354,0.384,0.067,0.071,1.414
2022,125,"Eswatini, Kingdom of",4.396,1.274,0.786,0.197,0.259,0.038,0.154,1.688
2022,126,Myanmar,4.394,1.038,0.829,0.491,0.513,0.452,0.194,0.877
2022,127,Sri Lanka,4.362,1.415,0.934,0.66,0.529,0.15,0.079,0.595
2022,128,Madagascar,4.339,0.67,0.645,0.378,0.202,0.143,0.154,2.148
2022,129,Egypt,4.288,1.388,0.732,0.548,0.469,0.041,0.254,0.856
2022,130,Chad,4.251,0.662,0.506,0.225,0.18,0.182,0.077,2.419
2022,131,Ethiopia,4.241,0.788,0.809,0.457,0.472,0.205,0.136,1.375
2022,132,Yemen,4.197,0.691,1.043,0.384,0.33,0.09,0.098,1.561
2022,133,Mauritania,4.153,1.1,0.865,0.45,0.304,0.088,0.138,1.207
2022,134,Jordan,4.152,1.324,0.724,0.675,0.476,0.058,0.2,0.695
2022,135,Togo,4.112,0.771,0.322,0.36,0.292,0.174,0.132,2.061
2022,136,India,3.777,1.167,0.376,0.471,0.647,0.198,0.123,0.795
2022,137,Zambia,3.76,0.93,0.577,0.306,0.525,0.203,0.083,1.135
2022,138,Malawi,3.75,0.648,0.279,0.388,0.477,0.14,0.157,1.661
2022,139,Tanzania,3.702,0.848,0.597,0.425,0.578,0.248,0.27,0.735
2022,140,Sierra Leone,3.574,0.686,0.416,0.273,0.387,0.202,0.055,1.556
2022,141,Lesotho,3.512,0.839,0.848,0.0,0.419,0.076,0.018,1.312
2022,142,Botswana,3.471,1.503,0.815,0.28,0.571,0.012,0.102,0.187
2022,143,Rwanda,3.268,0.785,0.133,0.462,0.621,0.187,0.544,0.536
2022,144,Zimbabwe,2.995,0.947,0.69,0.27,0.329,0.106,0.105,0.548
2022,145,Lebanon,2.955,1.392,0.498,0.631,0.103,0.082,0.034,0.216
2022,146,Afghanistan,2.404,0.758,0.0,0.289,0.0,0.089,0.005,1.263
